mtstYmEZj3VXdFSWde3xF4jFWMSzVPXcNN,046fa607c1810aecfd238e9b0a7e2f3bfe91e1d52f8359f8c15089b7e84c8b058e8d6d3a11182d0b5ec4ca6cdc4ef54aa9056921b3576424aa54741de919b0d4dd,92uQH5AvwrNmRVRkfG4jJ74XmaFsonY7smYEWi8H1VUWZgcWtBp
mk71yhveZa6vt3cyumaSFxhRvnjzSiJxjL,04046ca7cff37550c17f2713b46d8f775a1eb6ab535af19fc66785607f5d46848b03b0b4af129e6294c6eb8b0403d91c579361c8f1fec8368c3bb16600ca88c3b0,924GvCkoWbnZvLGw754cStNV2Ss1oUqWkRMmUTryg4brXe9aCzc
n2eVBp5ChcRkapDZMAznTtULxwjjZqqXNv,043c25148ae05f8f1976595a3b29fb4cbfabe45ffcb65d1707dc4f0e392ef847d73a09ee2e128f6d56b52e73a51695f091f6d258e55f3f56c8b2b5d0f59c28440f,92cJjWA8MW52C6GANzekAaR7cJTSAHxMyKY1K4YSHxiCvPgL7Rw
mpe7uo5q6eMziUzsSunQvSeB55cmXeDUxM,0474edd1d274d3627363ba2e650111815b4dc690ba995793519a7f14fdfba4d8071152158a75b67dcbf5cb2b5137e5a433ee305f6e06f810075cf9afe2844d40d0,92gauyrxsD3oxsZbAnHjPXpRiSnBdFVFbbmbf9KPvkwKPKsbX1o
n14eYpir382VoQeAZ6z8Lo4tbJ9KuoRZEm,04d6a9048cac178ec3d2e494d5db4f37a233f91d42ee4762759dc6c6f6729439a0c6a68358cd1e9e362e442746fba578adc38997e986aa1191d55b7af6bff296a8,93RuZkAd68Vw4M5GotZYb6UDegNuYo8BSSPdwVcGQFuTsd9mQ9g
msbyNFDAg4qppaAi6gXjkUDjVWxNL1qrJ6,04b535c15ab816b14bc06d8ae9b5242f97db26ff55611bb4e7ed396e9c601d7f10fad2d34d141d0423b1b79c43f4c367c2fca1f00742952c8036dd3a772ba41bbd,92geFJEWjV796Wbbz6rWeucwq6KmeQqT2F9xgky1r3vQMRzwxMG
moC3xuLAaRUBDGtpSjJsFCns3xTqTnEWyW,04dd8d9f54d037a1c9049370ba983fb006311488185da728e939a0d1d7625f7556fcfc5e5a703796a298040d19c49aabf7fde54f86e9f0554179eefb894ff1dedc,92rw9CscSC1dnfXGxQeMkp6qtKtRF5bzZZwvHiDdTJXQ6G2J3hn
mqRKvZPMtyzWA379afye2g4CJwproMkRfj,04c61e577ea8109bd6dfa94edd14279c6b2fa1f2a4f2ddc46f03fea515f0b0d2794edc1274f565697c0d2e65f61a7c22725623a6d25b85b89d0d113f170d8b8e67,93MzTmVu3iHuCsarJpBaP9k72fPqsyJX6N39Wz8MFiHt3f1Skq9
n4HP9vtLMs94DDuYKLXkXYCkMetQYUfKNu,04bbe789be7a68b929cf803ca031829bd74e012068a26b396925c9bd5a82e7bca9acfc4cb2b08ad6ea2587ff418bc3fba8ff1e4a498b2cca8f72f3195c11d53bf9,92MC2wsJHsCgyiJr8VJQdBnr4hm3hjbkVzmZnwU2zb2qYRW74be
moT1kcEn8yvHkLNwiiZ7tzzoBJ65fziosU,04c461f04a5a6c1d7d71ad195122366118ad19ae3749ba3abb0d43293e010b86e4d26af944dcdc76c940f2dfd779a6b39a5d56bee5737837bfb80a0bf526ba789c,93StRtZuiqQrk27pM1WHEHjyee3jNdVqbuC9NfffaB1fdA5YkKM
n19KLZUwbSPgBg3TEtadJ6Lh59GQSwkFbY,04750c997635ef3aff0f4c7da0a4e34b7fa1142a1a086eb042624b1f6ee6552d6816086e524773644248f743b4d956a2f749991ea735ca619c0b0654fa164fd4fd,93JqyLSxB43zb37zNZzQntdqXu864bYF3xorMeKmWaA4M9GvLbk
mzwZytpdhfPCvRX8Yrafu1E1t7pUDvXCSG,045c2b0895537fe9bfd7510c5498557698806543d37b01e2a8186e03aaa9cf94ab4b919c58deb6d0f8873e89cac50078f2855721926b3497965bce7eb4fabf5e0d,92NxP7q4xwEzcxqZgBbYaxJBYTScBFAMEh5GhecH7c6knfiZ87T
mmCpP9bgpVXnpXCjFymdtJHShE7NKAX6Mw,048e67bd21d459ebb3c9bad9343b9a2560a7ef16bc6c6e17522692cbe357efb65183447056f36dffcd4204bbf2073e210474d43740873adee853b75f600f1e66e4,92H7TP7GR5hxDYrz1uEkrv5wiQodz8j3XFeQ5H42uVQGvjYevYu
